{"framework":"apd-framework-8.4.6","title":"Aide Colorimètre numérique","build_id":"53ac783d09462240591f0109","icon":"..\/GlobalArt\/AppIconDefault_DigitalColorMeter.png","sections":{},"birdseed_version":3,"toc":[],"locale":"fr","version":"10.10","enable_tracking":false,"source_schema":"apd-schema","platform":"mac","design":"default","build_date":"2014.06.26-12:46:21","landing":"dcm001","product":"digitalcolormeter","urls":{},"copyright":"","topics":{"dcm001":{"name":"Aide Colorimètre numérique","href":"dcm001.html","categories":["landing"]}},"copyright_text":"© Copyright 2014 Apple Inc. Tous droits réservés.","css":""}