{"framework":"apd-framework-8.4.6","title":"Trợ giúp Đồng hồ đo Giá trị màu Số","build_id":"53ac783f09462240591f0136","icon":"..\/GlobalArt\/AppIconDefault_DigitalColorMeter.png","sections":{},"birdseed_version":3,"toc":[],"locale":"vi","version":"10.10","enable_tracking":false,"source_schema":"apd-schema","platform":"mac","design":"default","build_date":"2014.06.26-12:46:36","landing":"dcm001","product":"digitalcolormeter","urls":{},"copyright":"","topics":{"dcm001":{"name":"Trợ giúp Đồng hồ đo Giá trị màu Số","href":"dcm001.html","categories":["landing"]}},"copyright_text":"Bản quyền © 2014 Apple Inc. Mọi quyền được bảo lưu.","css":""}