{"framework":"apd-framework-8.4.6","title":"数码测色计帮助","build_id":"53ac783809462240591f0094","icon":"..\/GlobalArt\/AppIconDefault_DigitalColorMeter.png","sections":{},"birdseed_version":3,"toc":[],"locale":"zh-cn","version":"10.10","enable_tracking":false,"source_schema":"apd-schema","platform":"mac","design":"default","build_date":"2014.06.26-12:45:38","landing":"dcm001","product":"digitalcolormeter","urls":{},"copyright":"","topics":{"dcm001":{"name":"数码测色计帮助","href":"dcm001.html","categories":["landing"]}},"copyright_text":"Copyright © 2014 Apple Inc. 保留一切权利。","css":""}