{"framework":"apd-framework-8.4.6","title":"עזרה בנושא Digital Color Meter","build_id":"53ac784009462240591f0148","icon":"..\/GlobalArt\/AppIconDefault_DigitalColorMeter.png","sections":{},"birdseed_version":3,"toc":[],"locale":"he","version":"10.10","enable_tracking":false,"source_schema":"apd-schema","platform":"mac","design":"default","build_date":"2014.06.26-12:46:46","landing":"dcm001","product":"digitalcolormeter","urls":{},"copyright":"","topics":{"dcm001":{"name":"עזרה בנושא Digital Color Meter","href":"dcm001.html","categories":["landing"]}},"copyright_text":"Copyright © 2014 Apple בע״מ. כל הזכויות שמורות.","css":""}