{"framework":"apd-framework-8.4.6","title":"Bantuan Meter Warna Digital","build_id":"53ac783e09462240591f011b","icon":"..\/GlobalArt\/AppIconDefault_DigitalColorMeter.png","sections":{},"birdseed_version":3,"toc":[],"locale":"id","version":"10.10","enable_tracking":false,"source_schema":"apd-schema","platform":"mac","design":"default","build_date":"2014.06.26-12:46:32","landing":"dcm001","product":"digitalcolormeter","urls":{},"copyright":"","topics":{"dcm001":{"name":"Bantuan Meter Warna Digital","href":"dcm001.html","categories":["landing"]}},"copyright_text":"Hak Cipta © 2014 Apple Inc. Seluruh hak cipta dilindungi undang-undang.","css":""}