{"framework":"apd-framework-8.4.6","title":"วิธีใช้มิเตอร์สีดิจิตอล","build_id":"53ac783509462240591f0055","icon":"..\/GlobalArt\/AppIconDefault_DigitalColorMeter.png","sections":{},"birdseed_version":3,"toc":[],"locale":"th","version":"10.10","enable_tracking":false,"source_schema":"apd-schema","platform":"mac","design":"default","build_date":"2014.06.26-12:45:10","landing":"dcm001","product":"digitalcolormeter","urls":{},"copyright":"","topics":{"dcm001":{"name":"วิธีใช้มิเตอร์สีดิจิตอล","href":"dcm001.html","categories":["landing"]}},"copyright_text":"ลิขสิทธิ์ © 2014 Apple Inc. สงวนลิขสิทธิ์","css":""}