{"framework":"apd-framework-8.4.6","title":"Digital Color Meter Help","build_id":"538fc8f9680ce2fd5d07e568","icon":"..\/GlobalArt\/AppIconDefault_DigitalColorMeter.png","sections":{},"birdseed_version":3,"toc":[],"locale":"en","version":"10.10","enable_tracking":false,"source_schema":"apd-schema","collect_feedback":true,"platform":"mac","design":"default","build_date":"2014.06.04-18:50:27","landing":"dcm001","product":"digitalcolormeter","urls":{},"copyright":"","topics":{"dcm001":{"name":"Digital Color Meter Help","href":"dcm001.html","categories":["landing"]}},"copyright_text":"Copyright © 2014 Apple Inc. All rights reserved.","css":""}