{"framework":"apd-framework-8.4.6","title":"Bantuan Meter Digital Warna","build_id":"53ac783609462240591f0067","icon":"..\/GlobalArt\/AppIconDefault_DigitalColorMeter.png","sections":{},"birdseed_version":3,"toc":[],"locale":"ms","version":"10.10","enable_tracking":false,"source_schema":"apd-schema","platform":"mac","design":"default","build_date":"2014.06.26-12:45:22","landing":"dcm001","product":"digitalcolormeter","urls":{},"copyright":"","topics":{"dcm001":{"name":"Bantuan Meter Digital Warna","href":"dcm001.html","categories":["landing"]}},"copyright_text":"Hak Cipta © 2014 Apple Inc. Hak cipta terpelihara.","css":""}