{"framework":"apd-framework-8.4.6","title":"DigitalColor Meter-Hilfe","build_id":"53ac783809462240591f009d","icon":"..\/GlobalArt\/AppIconDefault_DigitalColorMeter.png","sections":{},"birdseed_version":3,"toc":[],"locale":"de","version":"10.10","enable_tracking":false,"source_schema":"apd-schema","platform":"mac","design":"default","build_date":"2014.06.26-12:45:39","landing":"dcm001","product":"digitalcolormeter","urls":{},"copyright":"","topics":{"dcm001":{"name":"DigitalColor Meter-Hilfe","href":"dcm001.html","categories":["landing"]}},"copyright_text":"© 2014 Apple Inc. Alle Rechte vorbehalten.","css":""}