{"framework":"apd-framework-8.4.6","title":"Digital Color Meter ヘルプ","build_id":"53ac783c09462240591f00f7","icon":"..\/GlobalArt\/AppIconDefault_DigitalColorMeter.png","sections":{},"birdseed_version":3,"toc":[],"locale":"ja","version":"10.10","enable_tracking":false,"source_schema":"apd-schema","platform":"mac","design":"default","build_date":"2014.06.26-12:46:18","landing":"dcm001","product":"digitalcolormeter","urls":{},"copyright":"","topics":{"dcm001":{"name":"Digital Color Meter ヘルプ","href":"dcm001.html","categories":["landing"]}},"copyright_text":"Copyright © 2014 Apple Inc. All rights reserved.","css":""}