{"framework":"apd-framework-8.4.6","title":"Sayısal Renk Ölçer Yardım","build_id":"53ac783f09462240591f012d","icon":"..\/GlobalArt\/AppIconDefault_DigitalColorMeter.png","sections":{},"birdseed_version":3,"toc":[],"locale":"tr","version":"10.10","enable_tracking":false,"source_schema":"apd-schema","platform":"mac","design":"default","build_date":"2014.06.26-12:46:34","landing":"dcm001","product":"digitalcolormeter","urls":{},"copyright":"","topics":{"dcm001":{"name":"Sayısal Renk Ölçer Yardım","href":"dcm001.html","categories":["landing"]}},"copyright_text":"Copyright © 2014 Apple Inc. Tüm hakları saklıdır.","css":""}