{"framework":"apd-framework-8.4.6","title":"Довідка Кольороміра","build_id":"53ac784009462240591f0151","icon":"..\/GlobalArt\/AppIconDefault_DigitalColorMeter.png","sections":{},"birdseed_version":3,"toc":[],"locale":"uk","version":"10.10","enable_tracking":false,"source_schema":"apd-schema","platform":"mac","design":"default","build_date":"2014.06.26-12:46:48","landing":"dcm001","product":"digitalcolormeter","urls":{},"copyright":"","topics":{"dcm001":{"name":"Довідка Кольороміра","href":"dcm001.html","categories":["landing"]}},"copyright_text":"Copyright © Apple Inc., 2014. Всі права захищені.","css":""}