{"framework":"apd-framework-8.4.6","title":"Digitaalinen värimittari -ohje","build_id":"53ac783709462240591f0079","icon":"..\/GlobalArt\/AppIconDefault_DigitalColorMeter.png","sections":{},"birdseed_version":3,"toc":[],"locale":"fi","version":"10.10","enable_tracking":false,"source_schema":"apd-schema","platform":"mac","design":"default","build_date":"2014.06.26-12:45:24","landing":"dcm001","product":"digitalcolormeter","urls":{},"copyright":"","topics":{"dcm001":{"name":"Digitaalinen värimittari -ohje","href":"dcm001.html","categories":["landing"]}},"copyright_text":"Copyright © 2014 Apple Inc. Kaikki oikeudet pidätetään.","css":""}