{"framework":"apd-framework-8.4.6","title":"Ayuda de Medidor de Color Digital","build_id":"53ac783a09462240591f00c1","icon":"..\/GlobalArt\/AppIconDefault_DigitalColorMeter.png","sections":{},"birdseed_version":3,"toc":[],"locale":"es-mx","version":"10.10","enable_tracking":false,"source_schema":"apd-schema","platform":"mac","design":"default","build_date":"2014.06.26-12:45:53","landing":"dcm001","product":"digitalcolormeter","urls":{},"copyright":"","topics":{"dcm001":{"name":"Ayuda de Medidor de Color Digital","href":"dcm001.html","categories":["landing"]}},"copyright_text":"Copyright © 2014 Apple Inc. Todos los derechos reservados.","css":""}