{"framework":"apd-framework-8.4.6","title":"Βοήθεια για το Μετρητή DigitalColor","build_id":"53ac783c09462240591f00ee","icon":"..\/GlobalArt\/AppIconDefault_DigitalColorMeter.png","sections":{},"birdseed_version":3,"toc":[],"locale":"el","version":"10.10","enable_tracking":false,"source_schema":"apd-schema","platform":"mac","design":"default","build_date":"2014.06.26-12:46:08","landing":"dcm001","product":"digitalcolormeter","urls":{},"copyright":"","topics":{"dcm001":{"name":"Βοήθεια για τον Μετρητή Digital Color","href":"dcm001.html","categories":["landing"]}},"copyright_text":"Copyright © 2014 Apple Inc. Με επιφύλαξη κάθε δικαιώματος.","css":""}