{"framework":"apd-framework-8.4.6","title":"مساعدة مقياس اللون الرقمي","build_id":"53ac783409462240591f003a","icon":"..\/GlobalArt\/AppIconDefault_DigitalColorMeter.png","sections":{},"birdseed_version":3,"toc":[],"locale":"ar","version":"10.10","enable_tracking":false,"source_schema":"apd-schema","platform":"mac","design":"default","build_date":"2014.06.26-12:45:08","landing":"dcm001","product":"digitalcolormeter","urls":{},"copyright":"","topics":{"dcm001":{"name":"مساعدة مقياس اللون الرقمي","href":"dcm001.html","categories":["landing"]}},"copyright_text":"‏‎Copyright © 2014 Apple Inc.‎‏ كافة الحقوق محفوظة.","css":""}